,A,B,C,D
2000-01-01,1.4580755885883727,-0.4613891025210346,0.9006740414248368,-0.31298701944862795
2000-01-02,2.847932572847811,1.096375942046403,1.7250104755137634,-1.1378259753216966
2000-01-03,3.704062983512414,1.153044178981962,0.6097153544698304,-1.7615588517788783
2000-01-04,3.8733423867717063,0.8854404745472846,1.0036059242227804,-2.529544293995487
2000-01-05,4.73138682493086,0.34087013523260756,1.8056654108373151,-3.3776307680851665
2000-01-06,4.072919166421763,1.135740996951733,-1.4597544236727744,-3.064681091759356
2000-01-07,3.863438066934934,2.29875008505922,-1.3688795830311244,-2.6175947676320224
2000-01-08,3.8287216527703194,2.1712115977440587,-2.329204144158733,-1.7632318393153303
2000-01-09,3.4491519381062714,2.0302159861136273,-2.720782413409436,-2.1306376984545516
2000-01-10,2.832694372842534,0.6444019568239168,-3.3248711723505293,-0.7277995849447398
2000-01-11,2.7807959059343204,-1.0403514425574423,-4.573072298750338,-0.7272942034771944
2000-01-12,2.800981669212342,-1.8728845982280653,-4.010175671177691,-1.8542889621708731
2000-01-13,4.820470644136876,-2.0929792097548408,-4.717260187286931,-1.3677623863578379
2000-01-14,4.822573578600573,-1.9373425584383268,-3.3483437355458054,-1.3949864447473173
2000-01-15,4.307968350681872,-1.9237569968954777,-2.985927671240489,-2.110475767427815
2000-01-16,5.280311983438262,-1.8339351761562155,-3.045383566401432,-2.413573702697781
2000-01-17,5.043163732970033,-2.317119779398997,-3.294756690904659,-1.062091533587947
2000-01-18,5.006557600803363,-2.8402774887350297,-2.9569846759050207,0.05658607384532299
2000-01-19,3.8503431575489424,-2.8898100913939935,-3.4456276762505826,1.2144771014351816
2000-01-20,4.54529746733732,-2.0154540616722527,-3.6229544965586533,0.4779909975056481
2000-01-21,4.658919845160204,-1.8532375587544978,-4.285789215965923,0.017735646065644983
2000-01-22,5.934673742045386,-2.8090391094955383,-3.812757687874548,0.6697842421817384
2000-01-23,4.741468894660969,-3.4459622873549796,-1.4977517188020886,-0.10161270237657549
2000-01-24,5.985964383555104,-3.2324490651829323,-2.137117434016885,0.31087798605320405
2000-01-25,4.48988911766458,-2.106156398198216,-2.621533944786903,-0.1991699439121658
2000-01-26,3.9142158721568316,-2.880488207244216,-3.0343617341990576,1.128674844926369
2000-01-27,4.091161087315593,-4.623965161489914,-1.3259580432020142,0.27808453782607157
2000-01-28,3.8902406336848356,-4.19114428553242,0.10893410432162853,1.5820394246389662
2000-01-29,3.349246565339068,-4.087157615315807,-1.1962322978859357,2.2206157015937515
2000-01-30,3.813574661334346,-3.8224475097417008,-1.2363590623188336,0.6176216908021215
2000-01-31,5.71410288058471,-3.1914928438918118,-1.0140796388784101,-0.12876722448981082
2000-02-01,6.880992658286226,-2.7354432307872076,0.19969216579522353,0.6356703539137704
2000-02-02,7.400859632122012,-2.732323974606199,0.6639818170737106,-1.5943551690240767
2000-02-03,8.307496724613985,-3.059178113382134,1.7689095832935458,-1.9603319051301602
2000-02-04,7.115211387994247,-2.094868272360019,0.6552954884820914,-2.2181196282469013
2000-02-05,7.729524692782021,-3.5072028790066225,-0.04643191668868285,-3.831128893736938
2000-02-06,7.33152694346782,-3.1350767378500892,0.3076623409309316,-4.485277922030604
2000-02-07,7.274749138582319,-3.558591265339284,-0.44217514421935633,-3.120241449576591
2000-02-08,8.578536108257934,-3.4998182068463626,-0.188664255279067,-1.028132030664127
2000-02-09,8.498045653729815,-3.295394349506257,1.8894697298310112,-1.8987319883141538
2000-02-10,7.845090513032201,-2.7462236220275185,3.284043000150265,-3.488090263148793
2000-02-11,6.3982369572191935,-4.014451016720116,3.062640922945709,-4.156459246607247
2000-02-12,6.15736639933391,-3.767577778304382,1.338112509319861,-3.1221781085807008
2000-02-13,5.629541344722689,-4.579246920250505,1.653411573818361,-2.222225936518355
2000-02-14,5.285667568090817,-4.044741987109391,0.5301706973268707,-0.847421029685141
2000-02-15,3.4524230835282457,-5.927022522298994,-0.8856091591625126,-1.0985311351847393
2000-02-16,4.959040228740403,-6.423188769754425,-1.3998006869930264,-2.8522020934054586
2000-02-17,2.1906213262877294,-5.214155476277513,-1.9058337193015957,-2.3251035858212448
2000-02-18,2.441654119037496,-4.598898651188401,-3.861096384638606,-4.272947585092021
2000-02-19,2.8501140102713385,-5.555644896219389,-1.2283998527661493,-6.232042094853503
2000-02-20,2.755497867753215,-5.597206796388902,-2.1486107898307614,-6.306159644219943
2000-02-21,1.5707951959070598,-8.294978337539824,-1.1995678540028325,-6.187811914872078
2000-02-22,1.6609169671730963,-9.410132296200574,-0.8208474787558501,-6.641841363662441
2000-02-23,2.113594395018476,-10.024989000620012,-0.5055301215899275,-3.939753233389619
2000-02-24,1.1141739763971632,-9.987834462766253,-1.8993956773430063,-4.078786040024306
2000-02-25,1.599131057708967,-10.520500851821293,-0.2645475387751475,-5.240033284028514
2000-02-26,1.4791119162408637,-11.79210398820339,0.5512390314050185,-5.910226788035808
2000-02-27,0.9415839508559788,-11.472651568760128,1.3741588089085608,-7.613134825066082
2000-02-28,-0.21745156243250208,-10.884616810138612,3.0657790799147877,-10.011494653255781
2000-02-29,0.5212534486627397,-8.385194297770903,2.974459956070275,-11.450426385126857
2000-03-01,0.3012258749310217,-10.137879937429009,3.191947672634585,-12.599450156974578
2000-03-02,-0.8198682952148868,-10.543703198509458,4.679416773567145,-10.342530202935773
2000-03-03,-0.642654080940616,-13.30399384939862,4.788842338349574,-9.330583089812572
2000-03-04,-0.746084465248081,-12.817540155562028,6.1101795241079575,-10.26776407150268
2000-03-05,-1.2465443371877982,-13.485531231087998,6.849144795228708,-9.928976023210401
2000-03-06,-4.104665185961397,-12.772752778293633,8.95925623260096,-8.955103681471721
2000-03-07,-3.3096156869883337,-12.274899788514498,8.38786686058015,-9.321010083188774
2000-03-08,-2.802597027544072,-13.456373875424806,8.17100031628603,-9.260571755788467
2000-03-09,-4.737500213926971,-13.901903027918104,8.232203613415026,-9.590849117656838
2000-03-10,-5.440493998991925,-14.71152424133513,7.743392758740322,-8.893232378208214
2000-03-11,-5.217550564301676,-15.800902503820822,6.516276049731221,-9.103436335092946
2000-03-12,-3.5175881880583635,-15.770295769145585,6.36466872031139,-9.446548196379865
2000-03-13,-3.680849528966893,-16.205727274664994,5.524835857824037,-8.25160754437691
2000-03-14,-2.8726471355807788,-17.250229790682244,6.097443472865604,-8.259129310811769
2000-03-15,-2.9445025451395366,-15.942682076311657,6.052128619383531,-10.295723235120121
2000-03-16,-5.166668694029413,-15.779966551319712,7.026408561415129,-11.099843621644546
2000-03-17,-4.90888470109817,-14.928090622128328,6.8501126876443665,-10.768130437859002
2000-03-18,-4.34166433843256,-15.710969237262265,7.86193088440894,-10.41358160109977
2000-03-19,-4.201336645559388,-14.012796421371887,6.701715019892357,-10.47449022385815
2000-03-20,-4.358206807160981,-13.67626074932247,5.81397313125961,-10.454666296494974
2000-03-21,-4.288132473865092,-13.729324710846026,6.151998441718478,-11.114395747841238
2000-03-22,-4.267394579333879,-13.108903006854172,5.881725484883386,-11.433348379729686
2000-03-23,-4.340810209386184,-12.518807518093228,7.154518991154138,-9.632010743070072
2000-03-24,-2.031112414777902,-13.498995098699872,7.958915766875873,-12.46433641935263
2000-03-25,-0.5457650440701216,-12.339971733956384,10.109376002797962,-12.766258849921117
2000-03-26,1.520301379721896,-12.45220753746006,10.043900020919486,-12.349781294477053
2000-03-27,2.177882157642735,-12.583554255332546,10.72398237753471,-13.527880457808
2000-03-28,2.556536462100107,-14.084147159363964,10.594732728772286,-13.906112514091772
2000-03-29,3.9125412729890527,-14.37185191736346,10.60163075022291,-12.916715346755499
2000-03-30,3.939695288165833,-12.882545699131429,9.982747109405922,-12.854020756616682
2000-03-31,4.141025358820295,-12.260472523142724,7.472809196372927,-14.41675145682175
2000-04-01,5.761754563564335,-13.91794710397771,8.395955242539749,-13.373525771879399
2000-04-02,6.407497080595014,-15.021036073771421,6.604829236253997,-14.326246649151411
2000-04-03,7.170000069935002,-14.830541695511725,6.0254334209952125,-15.030874291836705
2000-04-04,7.820511529620989,-14.302513887132388,8.076295813919653,-15.448053422425795
2000-04-05,7.6691545920421325,-13.998244354474657,7.583107417117764,-15.982394168733835
2000-04-06,6.030048584647106,-14.174339021743156,8.438084442252038,-15.718835752098567
2000-04-07,5.483533605851575,-13.858824738731606,7.233195816223679,-16.428280922615752
2000-04-08,5.58853790590829,-13.796629260718388,7.495231927696208,-19.06373044177803
2000-04-09,7.372952970796425,-13.066517472512075,7.768020955871434,-19.41713363527352
2000-04-10,7.15237196244123,-13.501537885058905,7.450355155757649,-20.227716132175225
2000-04-11,8.614407795610278,-12.868078847221414,9.482061872162284,-22.926925378599023
2000-04-12,8.531848201374569,-13.368075021211906,9.566837391358069,-22.661624854839864
2000-04-13,8.373935390794463,-12.74857685877038,9.403786097849565,-21.425266095871503
2000-04-14,9.934434530834523,-12.732717830504624,9.885753342093146,-19.767448205445948
2000-04-15,11.278745932873793,-11.811552836557532,9.671406079064408,-19.84747830285992
2000-04-16,11.62889128354778,-12.838375191430185,9.66070587921232,-19.715634410900673
2000-04-17,11.23515555544951,-13.22636398978641,10.162097303746298,-16.768392137825433
2000-04-18,10.751194468705899,-15.357847941707828,9.720522199303572,-17.236562635646337
2000-04-19,11.819915629473785,-16.84428658565747,9.951284067204327,-16.60619241598731
2000-04-20,13.402047853856452,-15.47026646085522,9.4599616384045,-16.58167343878912
2000-04-21,13.180397703885802,-15.251643757883746,9.730300311443274,-15.986045724054646
2000-04-22,13.321155432548776,-15.795710347559467,9.185298455011965,-14.971471211457045
2000-04-23,12.80396482203752,-15.717620833703341,9.749460074076534,-13.722100342781657
2000-04-24,12.260138580541533,-15.043374911834572,10.800476587276599,-14.506333560531688
2000-04-25,11.073103084092983,-15.117316381377224,10.845590225775856,-15.131517270238232
2000-04-26,8.762222436872474,-16.112217573771936,10.702131208261177,-14.823664218188926
2000-04-27,9.576187468548063,-16.276785761884693,12.209753669936767,-13.312465433871722
2000-04-28,9.41803985809041,-16.799236596398526,10.998143645728074,-12.43546539288904
2000-04-29,8.125786647110719,-17.147843437713863,11.896112545225925,-13.732169546916992
2000-04-30,7.317324512982149,-16.937311927014182,10.679949341316595,-15.385487192430451
2000-05-01,6.350153958311988,-16.52723351527762,9.54781752475132,-16.725453528622914
2000-05-02,7.382840576675155,-16.99754146838935,9.44571525198534,-17.338478127907255
2000-05-03,7.558633204241476,-16.328166602228272,9.463941237991406,-17.710581307567644
2000-05-04,7.277392912391373,-17.016621319091126,10.59853928163231,-17.00658460955768
2000-05-05,7.619283693198008,-17.718156182212507,11.968887574913774,-18.333485179917684
2000-05-06,8.565088749532828,-17.48831135130719,11.603248077006937,-18.468744086279372
2000-05-07,8.367211235402955,-15.638671257215199,9.151909087838453,-19.621439258201654
2000-05-08,8.07043586665944,-16.269971322906517,9.073154649543206,-19.17787486675172
2000-05-09,7.895616824539627,-18.612044167015057,10.657013630752019,-19.877979909267005
2000-05-10,8.004577965667172,-19.03404034690552,9.74210093924921,-21.745836756669014
2000-05-11,8.970605828739412,-17.107597943627173,9.34189351764334,-23.33437245737704
2000-05-12,8.355154001488561,-18.828895816954713,10.110297391808981,-22.518304252407184
2000-05-13,8.496968877711824,-19.22589790457733,9.813775762356508,-23.912726439204
2000-05-14,9.120767335968818,-18.091676654546866,9.699097700064165,-23.23422070765907
2000-05-15,9.428494225859321,-18.7054921420498,10.82725724141747,-23.895537278104506
2000-05-16,10.29489198880538,-17.749083976861534,11.31844324827778,-23.66584749798266
2000-05-17,10.435123151198745,-18.967396803172253,12.045476107496311,-24.340124562728782
2000-05-18,10.829295953472545,-18.201703328306504,11.369131559541387,-23.797146813369647
2000-05-19,10.910748495564699,-18.14642522510351,11.39450470917515,-22.852710435554815
2000-05-20,10.709030347882535,-18.070274616135773,11.388914652232693,-21.69000341296478
2000-05-21,11.569790945681676,-19.001500671089996,13.502851715700048,-20.76885229049122
2000-05-22,10.662986134906713,-18.677710618548385,14.478117573113856,-20.048513780608385
2000-05-23,10.036735414732398,-18.59365797287112,14.981222212441883,-19.713573256607003
2000-05-24,9.87311766208613,-18.53402113745861,14.480238820293158,-18.581650108975236
2000-05-25,9.049885598068789,-17.691891799033893,14.093643066025896,-17.75613669798197
2000-05-26,8.383872950256656,-19.241516161993356,14.305210302433691,-17.088114385829424
2000-05-27,7.979105681884296,-20.14584927711208,16.953213658150204,-17.480199876610666
2000-05-28,7.9315337367228675,-20.067600032594655,17.104819179371827,-17.437056537487916
2000-05-29,7.548497729628269,-19.04957161133336,17.532889308063154,-17.903826292182448
2000-05-30,9.607912812311342,-18.491228591658405,16.54294302903024,-18.15318121297562
2000-05-31,8.323777175455245,-18.250658804481187,16.65679508221114,-18.061155318004623
2000-06-01,7.841339020677819,-17.243510358418053,15.95406365647978,-16.53058983758813
2000-06-02,7.1998956833492675,-17.78470504560079,15.42809632344658,-17.174828636398328
2000-06-03,7.704713799390422,-17.67026596318041,14.543170609671138,-16.66248813205754
2000-06-04,5.6060395195133355,-17.4542375381461,14.947056262605248,-16.552671642792124
2000-06-05,5.202798185577809,-18.35165747632249,14.359046528655115,-15.101678107419673
2000-06-06,5.169702337437811,-17.02957127952814,15.070852579715284,-13.874769745322824
2000-06-07,6.581328506144009,-15.949186090647558,15.569415757919106,-12.506488109041102
2000-06-08,7.067667541030202,-15.79381314424297,15.675418216382372,-12.445403536713409
2000-06-09,7.404353695032004,-15.887820190702856,15.84813300835453,-12.901518064991171
2000-06-10,8.914962497615418,-15.22382279657721,16.719528932211265,-14.363628002390266
2000-06-11,10.462583300726903,-14.782300956476575,16.438512486511584,-16.17593274087031
2000-06-12,11.705101089144936,-14.077689311920363,16.565705167329412,-16.249858390266194
2000-06-13,11.247805846449317,-14.063425166814255,16.465109877974626,-17.064808150956907
2000-06-14,11.217094666788443,-14.957271411620505,15.830942151679924,-16.94592702098268
2000-06-15,10.931880636942134,-14.488964297303188,16.005588699343402,-17.384515024802372
2000-06-16,10.151140903254673,-14.87160334995339,17.16828626684991,-17.08348903170155
2000-06-17,8.467267379909366,-14.742522909114557,16.749933698086828,-18.075787236667697
2000-06-18,8.16309770905176,-15.394405330552043,15.003126582170395,-17.871838659502988
2000-06-19,8.854656642898943,-14.149384859036536,15.067837229860329,-17.416327055417653
2000-06-20,9.581221464948673,-13.300474657493666,14.984385436654716,-17.98179557716292
2000-06-21,9.749799922878143,-11.97880516301382,13.765272236194516,-18.55111450876601
2000-06-22,11.101229384869143,-13.466419279174984,14.499075818246695,-18.45989256418031
2000-06-23,11.875700756456926,-14.131866487008212,13.47631779259697,-19.256505689137956
2000-06-24,14.142867710054901,-14.437747897825329,13.093160438049914,-18.618623066376845
2000-06-25,14.47381436503223,-13.769240128091043,13.372014106245292,-18.22138939427475
2000-06-26,14.55353580599451,-12.969559221420324,14.393324978418523,-18.215852657626805
2000-06-27,15.114701919403808,-14.34338896171975,12.893821570318245,-17.39743725542805
2000-06-28,14.735772368112334,-14.264705254650687,12.94201311597333,-18.699263631806733
2000-06-29,14.035374642861184,-16.739060009406913,15.14596821918802,-19.353864002533836
2000-06-30,13.942013251174592,-16.480759363199887,16.067063257052297,-21.05138411672213
2000-07-01,12.95948235507867,-17.661462870420813,17.405534839162023,-21.54851414918596
2000-07-02,13.01714856641266,-18.63163231724402,18.04519478945421,-20.925875171844016
2000-07-03,13.244601415167434,-18.787203760265953,19.3872965054058,-21.601182266980423
2000-07-04,12.29072393822855,-19.274648181567695,19.136133061619116,-22.371022676528476
2000-07-05,13.1265773239157,-20.111332061226545,18.382511336054765,-21.21090004384795
2000-07-06,12.8703834512787,-19.301770039719546,16.99249152139993,-21.167572233683487
2000-07-07,13.573724097381072,-19.410687611822535,17.781889576375523,-21.305738129588146
2000-07-08,13.083788753968026,-20.122414784258126,16.470470351120966,-20.633119296958572
2000-07-09,11.160677845407816,-20.278277341158393,16.057370055129624,-20.18358471994675
2000-07-10,11.366363492898529,-20.97170572146492,16.195154802943406,-21.071820484923116
2000-07-11,10.59844946178288,-20.259755117419054,15.400568428189864,-20.236196858215884
2000-07-12,11.847249116342356,-20.757407808450598,16.33137735958894,-21.1983915151448
2000-07-13,11.475405360642297,-20.717962325676872,16.275635717225867,-21.889557234988562
2000-07-14,11.633236250103021,-20.773467934845097,15.42247907983386,-22.336820799013495
2000-07-15,10.849936298671679,-20.590211415629465,15.519692864892418,-22.804697294883
2000-07-16,9.93652829730863,-19.544884403646556,14.07821896167784,-22.997610740670787
2000-07-17,8.79496361943276,-19.28708622971621,12.23972591040271,-23.43062519798233
2000-07-18,9.31055189591351,-20.987589384347416,13.472382877372933,-24.45634046547428
2000-07-19,9.289806043388372,-22.531209644524587,12.84952775033656,-24.555710376585978
2000-07-20,8.583135784748023,-22.529636712247996,14.390380912915452,-25.597797165814562
2000-07-21,8.893181622457922,-23.325788867095326,13.763826304426908,-25.15369812764049
2000-07-22,9.217776569216442,-23.607635425267926,14.662637273451711,-25.980118035618826
2000-07-23,9.14002925817391,-22.285740157854825,15.127678437930152,-25.329247347419262
2000-07-24,8.305929788711662,-22.724053525098437,15.476391019807695,-24.17624462462532
2000-07-25,6.734595336802116,-23.201439383989538,14.902417031975991,-23.013707778532975
2000-07-26,5.494339022409672,-22.182490538685432,13.33252666986302,-24.26253683975129
2000-07-27,7.0559058863018915,-21.317836259107818,14.918876424794849,-24.33036257382505
2000-07-28,5.870888210499883,-21.889834834014223,15.957746783177313,-24.328186041669188
2000-07-29,4.856745315621854,-22.637959549709866,15.725879365373233,-23.189544888194444
2000-07-30,5.935699520844048,-20.07640101813295,15.163614970270505,-23.04018550784569
2000-07-31,5.955331259718264,-20.28997370046643,14.237744022664351,-24.65163561931644
2000-08-01,7.202052990918629,-19.15741778020005,14.010169059249007,-23.096066961590505
2000-08-02,6.007333536413038,-19.828046892628787,13.4117435316531,-23.641356725422852
2000-08-03,4.72992958608747,-19.624971324107246,13.072947225114081,-25.543122693623
2000-08-04,4.891528139541853,-20.46391199585379,15.264120248728613,-24.918784234534808
2000-08-05,5.762213308592045,-20.757704807644085,16.55354486982325,-24.794636995650645
2000-08-06,5.975692608911534,-18.88372649640578,17.043589228839267,-26.13354019936219
2000-08-07,5.183557623525315,-19.327475862442245,15.95869153491524,-25.686378340070522
2000-08-08,5.9194949331129125,-18.460706197244065,15.15195217368608,-24.610135020406926
2000-08-09,6.626462360007048,-15.885490742669784,14.274551736986798,-21.58646177139868
2000-08-10,8.282218894847704,-16.472227374743674,15.111160172215014,-21.805683311541515
2000-08-11,8.516094880577377,-17.318488383074662,15.303138632575761,-20.648498588271345
2000-08-12,8.542696962334936,-16.45614517036323,14.172840455411434,-20.0598605174462
2000-08-13,8.521408112786062,-16.15485797541565,13.722429576280568,-20.48397273735879
2000-08-14,8.014440594596119,-16.30309678825198,12.085318375913346,-20.559495966778982
2000-08-15,8.645488181184474,-14.710804740053177,10.839796117954187,-19.8387114726194
2000-08-16,8.729948798832345,-14.467085369746885,9.958737478882622,-18.900625918998077
2000-08-17,8.326662800180273,-15.767274278730431,9.324045708248459,-18.632643180565108
2000-08-18,7.387490457176068,-14.917997619373342,10.25429160448411,-20.415656911150553
2000-08-19,8.036445056577152,-15.283501076103459,9.453829449253714,-22.242175258653308
2000-08-20,8.640687905996252,-16.02887530848001,9.282812629209928,-23.73863443481924
2000-08-21,8.84833190036165,-14.695616161184683,8.678029102657515,-23.644671512725512
2000-08-22,8.000927608914038,-14.359484040829834,10.00401913630752,-23.029504445613377
2000-08-23,7.541753920754679,-13.407095258974842,8.672778843837612,-22.493776566012468
2000-08-24,8.231427009301962,-12.880925997896123,8.803045016410481,-22.636368325851304
2000-08-25,6.567821336489955,-13.293211960553007,8.605701652911542,-23.198885072816122
2000-08-26,6.6567038434024814,-15.382399434905775,10.024838403211955,-22.83320749273421
2000-08-27,6.2481746676922105,-12.806704267493073,10.912902497528407,-22.770022596989566
2000-08-28,6.664226555143072,-12.140826120612966,11.124358492315986,-20.530853316099652
2000-08-29,7.285499472776493,-12.481620051377826,10.787203144473914,-21.65252598608062
2000-08-30,7.940335713209418,-12.055193676327784,10.064821161806107,-20.81885327789564
2000-08-31,9.096899559536867,-13.51616688120316,10.304619878667838,-20.811151887452507
2000-09-01,9.180348335526158,-12.357817263026291,10.12304754715292,-20.80019871993043
2000-09-02,10.057915190301735,-11.579388307328498,11.12873116085371,-22.299789977385494
2000-09-03,11.025091502646138,-11.626901973414117,10.888305002167323,-22.52666357005075
2000-09-04,10.989930012851856,-12.291663658760518,10.213133722248575,-22.831505039257458
2000-09-05,11.327442771655411,-12.467449053378079,10.172158115616785,-24.298058019369577
2000-09-06,12.079050760126558,-11.493676443091758,12.989209054056836,-24.65408253450733
2000-09-07,11.193239419970984,-12.060263098807164,13.496420359952655,-24.650346306038145
2000-09-08,12.004199208397136,-13.188452409615516,14.31448589281357,-23.69974748903023
2000-09-09,12.595234972943327,-14.647228578002743,14.430009591755216,-22.523842208244673
2000-09-10,14.130914408169884,-11.863801509662563,13.912505554632958,-21.281511008262875
2000-09-11,14.080158170554075,-12.302861057397692,15.012996090022149,-21.851048730011314
2000-09-12,15.236901723288073,-10.309037360733708,16.77790592804892,-21.190487305288286
2000-09-13,15.533974661796337,-11.60814686430125,16.944746363328044,-19.268043892823446
2000-09-14,14.59112947845552,-11.89422264950159,16.831203227489894,-19.53145537506435
2000-09-15,15.236610624689034,-10.088649338042796,17.235710916127516,-18.818464159820067
2000-09-16,14.763360473741765,-10.22604980428611,17.5346131285781,-19.551333962200037
2000-09-17,15.024299763553394,-12.537558579714494,17.986687073322365,-20.349268100602348
2000-09-18,15.937074678284658,-12.099083991406715,16.49573388446936,-21.227926203585127
2000-09-19,16.09824932817366,-11.247810218801877,16.12089019680145,-22.176608049704868
2000-09-20,17.85458014592531,-10.275093984779991,16.548344034422573,-21.910027154747453
2000-09-21,18.306466089048197,-9.65523869758323,15.825161899272201,-24.719009658223975
2000-09-22,18.75796706654375,-8.988684033737945,14.854870220274895,-25.788974131266443
2000-09-23,18.097311016010302,-9.30617108213009,14.352206789740382,-27.623854010762646
2000-09-24,18.296551472636512,-10.158651264617763,15.859275378829741,-27.896833431643113
2000-09-25,18.268440973595713,-9.66736601850878,15.89896581928755,-25.5507242134805
2000-09-26,19.84000978971539,-9.40192020652161,15.171630894164672,-27.609614804458833
2000-09-27,21.565398955424975,-8.704929367939487,15.91457064362458,-26.644972885554694
2000-09-28,20.754152366795736,-9.052301502407385,14.605243176290939,-26.622336185582608
2000-09-29,21.03683230765991,-7.736416576083691,14.723689364110614,-27.54176802006314
2000-09-30,22.888759486008883,-7.870854234021914,13.560092301295589,-27.487724454799146
2000-10-01,22.698678692064686,-8.79218062759381,14.285695748202274,-27.985401354444225
2000-10-02,22.778786965564258,-8.486867571005789,15.470769828236635,-30.549696723113627
2000-10-03,22.42564655764138,-6.566358402245813,15.642498892915686,-29.94665307755427
2000-10-04,22.684567123077667,-6.753753159517678,15.564287972600836,-30.721434707246214
2000-10-05,22.94851614754186,-6.264589260826546,14.961863618131035,-30.043291361446354
2000-10-06,23.006773922954093,-5.9194033391386975,13.903953557412445,-28.0891880295615
2000-10-07,21.156146367974124,-6.808578241778491,14.879732281721958,-29.50550749756828
2000-10-08,20.17712501722229,-8.151890362025561,13.709128724169815,-28.855119244913183
2000-10-09,18.12061206778767,-7.119930253013669,13.904936194566663,-28.78235318108465
2000-10-10,18.52023249686704,-6.982120858701466,14.953132863025862,-27.92491648259011
2000-10-11,20.888511438656483,-8.3547369339377,15.222199582797257,-27.096482531158333
2000-10-12,21.36340937300972,-9.265638381091911,15.548705891347264,-27.608900967438547
2000-10-13,23.062797730360185,-8.128142983101114,13.491611364666523,-26.25914137379649
2000-10-14,23.36118899178455,-7.709127611754643,12.94523767187521,-24.23991040972601
2000-10-15,23.55157308591683,-8.299768822523628,13.464550001483527,-24.16498309142705
2000-10-16,24.682640449547627,-7.249165064009595,14.609792413450311,-23.2999269748074
2000-10-17,26.158131284982385,-6.67964951232502,14.662875665405508,-23.769609498542742
2000-10-18,24.8988850808838,-7.0108742297246645,13.390072071642631,-24.11557353363529
2000-10-19,24.814573026585474,-7.263441001275212,13.170898649692578,-23.283607626475167
2000-10-20,24.381780929048894,-4.598569554998905,12.28998982854037,-23.514394353559013
2000-10-21,25.32032649058869,-4.440371960614568,12.280435263302,-24.37306353193237
2000-10-22,24.824124459850374,-4.9552807305324915,11.368932307700137,-24.592253502690937
2000-10-23,24.853959691085805,-4.749853946264787,10.418891034759367,-25.35860883871247
2000-10-24,24.01176552888993,-5.640500916682504,10.916970614299553,-24.451603772352065
2000-10-25,23.320435793657843,-6.550607470025227,13.017491747926098,-24.83888320143363
2000-10-26,25.34785959790215,-6.547243335418945,11.485333793660944,-23.614154178326093
2000-10-27,25.113725003279082,-6.343291141043823,10.709740172929388,-23.480223718838566
2000-10-28,24.03396847501205,-6.873849159615136,10.115492545220764,-24.74644051311927
2000-10-29,25.28798703485349,-7.224282463733122,11.718515051818052,-25.76143318427715
2000-10-30,26.47769982978634,-7.754388187770386,10.730330586832727,-27.186764548760955
2000-10-31,26.02979959322501,-7.617335553296857,11.300113252615352,-27.177934009899193
2000-11-01,22.949452142119767,-8.058345462351683,10.333269766992968,-26.61786099308315
2000-11-02,22.14254892303904,-6.857252832560592,11.85518221736142,-25.960400527077688
2000-11-03,22.2420256550308,-6.3586909064440125,11.877601204139628,-24.97989705154532
2000-11-04,21.91502745097548,-6.507380190006127,12.330162381613555,-24.451986122720047
2000-11-05,22.277795277569044,-7.030524705056489,11.2683849899126,-24.913423090017456
2000-11-06,23.622173952271886,-9.03370244189578,10.322081946921294,-26.16504618319433
2000-11-07,22.976340405561007,-10.464955445928597,10.339797057767408,-27.15304690653563
2000-11-08,22.789330025128667,-10.251993679091361,9.561926621726014,-27.645455094333673
2000-11-09,22.067009796171515,-10.130934105659463,7.114287729217653,-27.740525626629513
2000-11-10,20.257773405453474,-11.922465478789814,5.902116119854496,-25.491842685490116
2000-11-11,20.228673548327908,-12.938349598762114,5.880512360617886,-24.87112977905564
2000-11-12,22.248705722763276,-11.838500452934534,6.05430151515964,-25.137707092277633
2000-11-13,21.607620614786043,-11.66602676271475,6.874330077342103,-27.320957766971404
2000-11-14,21.24448250753827,-11.076352326403113,6.633140129124825,-26.251096911395116
2000-11-15,22.820148341667146,-12.873776110878168,5.996311237457734,-25.97364440165937
2000-11-16,21.242365089922657,-13.160563496722899,4.387949249566999,-25.7446974112827
2000-11-17,22.756823050124403,-13.12371515702118,3.195977118919906,-26.73756050911043
2000-11-18,24.17187583326102,-14.082090356756789,4.042474856530433,-27.320601587953067
2000-11-19,23.925909070698708,-15.606108580015619,5.489556817578212,-26.03852542705034
2000-11-20,23.924507691246042,-14.072672694376335,5.218385370269041,-26.23588825173656
2000-11-21,23.772639972584233,-14.343083333757187,4.589401455135805,-26.129520742877354
2000-11-22,24.963498660872705,-13.17682181663798,5.09784345065679,-24.108470029839648
2000-11-23,22.58592601484625,-13.123984655713928,4.960648023288259,-21.5422055311072
2000-11-24,22.401739964777647,-12.187187779931433,4.24359799595662,-20.99341509836328
2000-11-25,22.355690600020427,-12.914789834830394,3.81917978408576,-22.298828386547402
2000-11-26,23.10579649462588,-13.290983647260209,2.9252767921738894,-22.632302928985528
2000-11-27,22.156705084545308,-11.798236910098911,2.7079084581745887,-21.591378946182726
2000-11-28,22.805090762483623,-13.299184085132412,2.668395346866428,-21.65380433724313
2000-11-29,23.256604079528174,-13.266294053654537,1.3194827037227723,-21.360423274083345
2000-11-30,23.271718798885942,-13.285035613936584,1.0154614642058326,-21.8301230625569
2000-12-01,24.637877826972737,-13.474201491496933,-0.07531888302949041,-20.922879999398916
2000-12-02,25.507733976322957,-12.552461941489147,-0.48748515085802524,-21.523767637134508
2000-12-03,26.207009272982578,-11.690818445424656,-0.5137860602907529,-21.64975273398616
2000-12-04,25.915269506716488,-13.021660467834508,-0.7351476875003651,-21.106275482277752
2000-12-05,26.46713666572875,-12.175076983200023,-2.385564781609536,-21.852853735890818
2000-12-06,26.007613500094546,-13.45432123847563,-3.2104481225455084,-22.54766708524471
2000-12-07,26.50617851748573,-13.548453094490863,-3.772070641385718,-21.29792903605708
2000-12-08,26.869306058571144,-14.2853112410454,-3.1040484219911524,-22.69456422844612
2000-12-09,29.349175338350665,-14.779052702459119,-2.475013021440022,-22.858255271429513
2000-12-10,28.606360949539365,-14.519252995780663,-2.677661842712861,-23.17717465915973
2000-12-11,27.225639775388377,-15.572186249862538,-3.2871505505165413,-24.574445523648404
2000-12-12,27.577949392528275,-16.715693564547482,-5.106063089629334,-24.89167967081995
2000-12-13,27.50414085313997,-16.990929031507132,-4.6041285919184975,-24.51479603805269
2000-12-14,30.04469856561606,-15.510615178331063,-4.76784022368648,-24.815101168761885
2000-12-15,30.892269870556447,-14.899590155436185,-4.859005828977749,-24.28763357702
2000-12-16,29.139604970677084,-14.118337838534346,-3.63067228468969,-24.126122147460144
2000-12-17,29.327575961238576,-14.77229347709074,-2.7953838684000094,-22.958311871280078
2000-12-18,30.32552522209263,-13.167212167456336,-2.0802990543493656,-23.518481542405908
2000-12-19,30.085434676943976,-13.209164029416694,-1.4300386185209106,-22.845122097539363
2000-12-20,30.49567052614539,-12.117796432104953,-0.49498001359915933,-22.05422571736632
2000-12-21,29.757223704511077,-12.668312794615662,-2.0687395029347173,-22.86036332266072
2000-12-22,29.79997422037164,-12.07950909405599,-3.109611592790201,-23.49589525194879
2000-12-23,30.18267740418349,-12.472659389658784,-4.003168375704389,-24.08772287692643
2000-12-24,29.13876905949776,-13.13732402078896,-2.2765264211086587,-24.047589434094764
2000-12-25,28.93233306893244,-12.292735483872622,-1.3502208595888963,-25.60817558725826
2000-12-26,30.55133275850373,-11.497615371848267,-0.2948130401427018,-26.643877702993436
2000-12-27,29.466998003009454,-11.159064514429625,0.35030891337630965,-26.238090051853593
2000-12-28,29.167177169394208,-10.427668211129062,0.7721008982508784,-26.31906628849025
2000-12-29,29.58602431578842,-11.435637713435268,1.0869084963037832,-26.229395133652154
2000-12-30,29.842162505710366,-11.296418945946144,1.071691339963216,-24.261786095539122
2000-12-31,28.569720813652733,-11.532637182668047,0.6502087069715152,-24.48213071319505
2001-01-01,30.457609529233274,-11.777797723117672,0.1740607051493665,-25.139998490546994
2001-01-02,29.44225148438753,-12.96246019454305,0.26950140163898695,-25.41077493836131
2001-01-03,31.20411027682117,-13.434532068113096,0.07667430396627567,-24.670331125212257
2001-01-04,31.106203519399315,-14.103182289232096,0.43292017303434893,-25.634736129286296
2001-01-05,32.30709345513901,-11.175943553635388,-0.07209226606908725,-25.47783750666831
2001-01-06,32.08464635947711,-12.220673293161386,0.09576403018406068,-25.279114771095273
2001-01-07,31.91539201472766,-13.698255477224707,0.22454082472764317,-24.644911717920746
2001-01-08,32.49183928203803,-12.751966454121243,0.0978056486530951,-23.571527783551783
2001-01-09,31.988095099462214,-14.060369339041495,-0.556630709567639,-23.483432848505615
2001-01-10,32.59696442567197,-12.655196922564555,-2.623689251831345,-24.562869405698528
2001-01-11,30.880772450215538,-13.52646237559935,-2.7628688920274627,-27.114523331754967
2001-01-12,32.17727890486105,-15.272119989134072,-1.6595598373974534,-26.472688237230482
2001-01-13,32.143463506220584,-13.555838271509424,-1.5450893900683655,-26.39770302257593
2001-01-14,33.217013661322945,-14.62461671476639,-1.7411896373840676,-25.292586367973765
2001-01-15,34.847970707021226,-16.277097937925095,-3.5562888681814115,-25.097795531000443
2001-01-16,34.89702395013898,-17.550766286366787,-3.824856716298993,-23.16094330634198
2001-01-17,36.45569700561789,-17.391622736170085,-4.0808428686075064,-22.397757118698426
2001-01-18,36.9540788904355,-16.95703886895301,-3.5144587099421325,-21.951198557922403
2001-01-19,37.37957606911919,-17.79823530583884,-2.6891292168415672,-21.97543280172503
2001-01-20,37.27372389731408,-18.60970358916173,-2.776443480784581,-22.05169586740682
2001-01-21,38.585966240363845,-19.41899233733457,-4.245685640095738,-20.057812278477233
2001-01-22,37.36507689997512,-19.904901331315443,-4.753560553749249,-19.737770396360567
2001-01-23,37.46344173320568,-19.082857194336878,-3.831984600708891,-18.422022249279433
2001-01-24,37.8359641711447,-18.38870751302695,-4.455231976449888,-17.170889854589547
2001-01-25,36.04175229412806,-18.018920422625172,-3.64649285666742,-17.389773114492993
2001-01-26,35.23443131433485,-17.245764406454033,-4.295481029707021,-17.57148305809084
2001-01-27,35.66503694742869,-17.43300143163978,-3.9396482273249136,-18.025054545614132
2001-01-28,35.62626180285468,-18.658177417107424,-2.8105325304496955,-18.76273322633178
2001-01-29,34.627912925915915,-16.19820498677581,-4.1290325796198495,-18.502349425735446
2001-01-30,34.324774211442346,-17.00970634588289,-3.789632983830041,-19.162394111387044
2001-01-31,33.05603228350864,-16.84366332610777,-4.113410438148141,-19.496432681758964
2001-02-01,33.16076234151314,-17.43569535146566,-3.661258680842328,-19.030293331788595
2001-02-02,33.19880607968527,-17.372654657327573,-2.7652136283128455,-18.7358670694846
2001-02-03,33.0143815599511,-16.72378328766413,-2.387047215968802,-19.516636304304527
2001-02-04,34.58164254709758,-16.394532271475864,-1.9349441934227778,-19.183593944792445
2001-02-05,36.281188479995585,-15.349447089878229,-2.325703354546904,-18.4056491822205
2001-02-06,35.55641516066279,-15.662351644327348,-1.3641958329989314,-17.957480124695667
2001-02-07,35.29124850819803,-14.62703878175207,-0.7239668169195704,-15.239587618299659
2001-02-08,36.202921925422906,-14.033854853639404,-0.7475278252968592,-15.312144902150354
2001-02-09,36.3214951943505,-15.989653275957519,0.060806263711520314,-16.259899344302685
2001-02-10,35.91609638131491,-15.790777729579323,1.0140870460914448,-16.412797679572506
2001-02-11,34.7377177369191,-16.731620940569574,-0.7424783800535903,-16.907644816760588
2001-02-12,36.51232321560292,-17.583928603004065,-2.1379248712769403,-18.109829990722048
2001-02-13,36.60755362089051,-16.999740641364284,-0.9085883784513749,-19.475216492224984
2001-02-14,36.25878532829856,-18.34866641614194,-1.9800917880822135,-18.129359196444195
2001-02-15,36.474571084327536,-19.566238708739068,-1.1035560597917806,-17.765549169061646
2001-02-16,37.76843225213067,-18.226609526545055,-0.7304954565750872,-18.86138551065435
2001-02-17,38.23856867056837,-17.809889929879432,-0.6649549299286914,-19.06941266419628
2001-02-18,36.71801642049343,-17.692772149742762,-1.261609833483886,-19.844369888752727
2001-02-19,36.03223335546435,-17.604757237414532,-1.1849289061738424,-19.19023489422486
2001-02-20,35.3517503412491,-20.070908756376923,-0.9681657930738174,-19.332673676028083
2001-02-21,34.14958873491633,-16.646561292289626,0.30737863751527406,-20.7942272985223
2001-02-22,35.4572499033181,-17.159861009825015,0.46308873434994213,-19.684051507729254
2001-02-23,34.634857422054225,-17.931664956972142,0.2544085098911478,-18.941245631162456
2001-02-24,34.197418750348774,-18.084051879203653,0.395913650162266,-18.756288018098033
2001-02-25,33.03820785962873,-17.99757557516456,1.4662750056485443,-20.03173234580876
2001-02-26,32.123157287323394,-17.601520200639207,3.493155835316799,-20.246938658225094
2001-02-27,33.12350464245378,-17.00882256685235,4.771117968400852,-20.535581459223206
2001-02-28,34.44724473057062,-16.952572135608982,7.923157209268185,-21.240438681719546
2001-03-01,35.91779874444184,-16.23772652358812,8.251034020937858,-21.78062071255971
2001-03-02,35.70873615205032,-15.813886769202506,8.932553622368289,-20.045658058930233
2001-03-03,35.485414435055255,-14.79076177946287,8.856463575247934,-19.81793115621194
2001-03-04,35.510035419183204,-12.790401978192294,7.583865339357845,-19.459135187503385
2001-03-05,34.149648445072074,-11.32418298404471,6.31078950675121,-18.910408249849386
2001-03-06,34.733211601625,-11.083362048334967,6.184812234337456,-17.530034742142778
2001-03-07,33.70448008207304,-11.824575378520958,6.390758902908364,-18.64078545655324
2001-03-08,33.43792902063667,-12.497444932191009,6.712619029836636,-19.490035920701082
2001-03-09,32.8342001195012,-13.987256522312421,4.974284266055759,-17.950786828371992
2001-03-10,31.28376633702524,-13.883986395383493,4.753456288592412,-16.888246643867976
2001-03-11,33.469008226235346,-12.533266577879319,4.003516043418936,-17.530246940770937
2001-03-12,34.44126685466306,-13.962784206438485,4.2809629947607775,-15.796944833110906
2001-03-13,33.67065864301461,-15.073847343906522,3.528578803329628,-16.257979245446283
2001-03-14,33.59418877885707,-14.334918464164282,3.6019637931960604,-15.513659755517981
2001-03-15,34.69271546551491,-11.761189422739811,2.8150482412694307,-15.515557162743304
2001-03-16,33.7537068470607,-11.53352894081212,2.887614219513142,-15.672659980618127
2001-03-17,34.671470633270225,-10.240823237050346,2.2335498267007177,-16.48785433195327
2001-03-18,34.57919803141117,-10.351243305150541,1.897012085393996,-16.31462548211016
2001-03-19,33.16706574036219,-10.206114231135027,2.394650642798625,-15.594497183209159
2001-03-20,34.92044714146454,-10.321880701586274,0.4599059545101767,-15.382357348186915
2001-03-21,34.69605461898577,-11.14933767862809,0.6692581993631512,-14.833027805894242
2001-03-22,33.954147333742526,-11.796702515343604,1.1718263589345055,-13.163415632369436
2001-03-23,33.647453636141165,-10.16303678011332,1.819188477208663,-13.65739232790601
2001-03-24,34.38377744889872,-10.90353121456052,2.3616690554489237,-14.214503384984333
2001-03-25,35.45107011980288,-12.087139665446404,1.8189644510466352,-14.560106212658953
2001-03-26,36.09428722302679,-11.708525361585082,2.1571526566211596,-13.550744444460223
2001-03-27,37.06852805885882,-11.606450434122127,2.4006443567083484,-14.251908953181843
2001-03-28,35.76048061297369,-11.287915703527506,2.354386137598182,-15.42586195129742
2001-03-29,34.8585740178863,-11.452128405044752,1.8688383655441048,-14.18403181786992
2001-03-30,34.97085603602807,-12.717681641080437,-0.7752805190360859,-13.74225478724639
2001-03-31,36.19448535547996,-13.420561897415897,-0.561761343901994,-13.18127774452779
2001-04-01,36.82946092670739,-16.080988083355997,0.08197002481583615,-15.055268104560898
2001-04-02,34.772245657015475,-17.711797867171082,1.4045897844028612,-15.134467194355256
2001-04-03,36.02969766038223,-14.925133057478094,1.290179321010587,-15.43956740767339
2001-04-04,37.12103651454502,-16.613689445129182,0.513950152029482,-15.225939041784882
2001-04-05,36.030696935672495,-15.77270051049083,0.23507649626152427,-13.683148864848505
2001-04-06,36.20481259548916,-13.605728460718963,-0.8105779634766465,-14.7310881257521
2001-04-07,37.629045050407115,-12.060179037700859,-1.1141993112397954,-13.675652452237227
2001-04-08,37.78148147713161,-9.341672711538138,-0.7248623961062288,-13.49623260257036
2001-04-09,41.02138867705598,-10.906449096130915,0.720041075430192,-14.797505758809091
2001-04-10,40.40603886100627,-9.640375948596958,0.5800744341998857,-13.528551148731541
2001-04-11,38.837016982895655,-9.857814227614476,-1.500790637263766,-14.810628797779415
2001-04-12,39.31182344092842,-10.63173780655511,-2.193239098719856,-15.902170472743508
2001-04-13,38.98020652422636,-10.839868909936502,-2.277009592538093,-13.474630490033626
2001-04-14,38.30978157914702,-7.829269092278745,-0.6663276597229584,-13.089344565559667
2001-04-15,38.963571508933995,-7.603281605406554,0.34407532429781096,-11.610700689754697
2001-04-16,37.241739581619285,-7.7288922237150715,2.3037548649807285,-11.281258480502622
2001-04-17,35.78634280511884,-9.009103755680645,1.118001625237581,-11.397130207359485
2001-04-18,37.369314500362,-7.715255148332057,1.4555348003928752,-10.605507082918832
2001-04-19,38.59526218458351,-8.60965058022493,0.3465658430669505,-11.104363873589557
2001-04-20,39.06058226595576,-9.248750465174908,0.3056888128012026,-10.611756985437188
2001-04-21,39.455257123132625,-8.4772769125668,0.7896280623472778,-9.595521518751118
2001-04-22,37.187734163343436,-8.37774604715581,1.2122139871414088,-7.875545867555001
2001-04-23,39.068562406503204,-6.765469653156762,1.5032378077145487,-6.781558266579709
2001-04-24,40.215028793007136,-5.237145429553533,2.0321404502170903,-6.48037557439691
2001-04-25,41.111221721447,-3.240467892390642,2.5458560680955133,-6.6386575093981035
2001-04-26,42.24254844551665,-3.648489049764878,0.8563207681680247,-5.033316245948917
2001-04-27,43.566922100594,-3.7754786805161253,0.33944992221987424,-5.531048440368915
2001-04-28,45.213860796191895,-4.1019006776007325,-1.2927780671066293,-5.980901997265654
2001-04-29,44.680797633259886,-4.577125822517059,-0.1498590244358755,-7.033657145465018
2001-04-30,45.36292016238979,-2.1259835759659036,0.1554837484704481,-6.861630033978473
2001-05-01,44.61892827676543,-0.8411955030971232,0.12700245660253684,-8.134550388777637
2001-05-02,43.493725316313096,-1.6324784509759018,-0.41013243010468003,-9.0036484680795
2001-05-03,43.3701339374369,-1.1089749818611259,0.18697878441918747,-9.865692129788139
2001-05-04,42.604474209730846,-0.9301058564467621,-2.0389950899226132,-8.766694007568834
2001-05-05,42.20107692803063,0.25564609905536617,-1.8809117408515768,-9.320277990617061
2001-05-06,41.66597690282887,-1.5447250410713063,-2.9558233414217923,-9.491454653382863
2001-05-07,41.402672683115476,-0.036365013936834334,-1.8478756976277648,-9.733978009074308
2001-05-08,41.960971009206624,-0.8968143647643833,-2.049505662030359,-10.108271006096441
2001-05-09,43.92181909979186,-1.983336162794688,-0.91284409673301,-9.129768176634308
2001-05-10,43.79684588541387,-1.854178825448026,-1.0086036108155083,-9.208219892877215
2001-05-11,43.95802890745923,-2.958962705142576,-0.31379083843598377,-8.831580497107792
2001-05-12,42.21345109216497,-4.0494594954532666,0.8497925026584776,-9.061423632206582
2001-05-13,42.1012381934098,-2.9489581149526076,0.4522793761806284,-7.158707242600715
2001-05-14,42.63936748814279,-3.5322422451426716,0.806785873594209,-7.041551652296799
2001-05-15,43.655418455670414,-4.096293590733362,-0.1976493487301635,-7.3917206082046265
2001-05-16,45.04596320147793,-4.741452699637962,-0.6928959460718679,-5.478694988873123
2001-05-17,46.731431562709865,-6.0020826719457006,0.207645875250146,-5.413255204127677
2001-05-18,45.68840550820835,-6.317513670124633,0.6625251796216071,-3.605404447196486
2001-05-19,44.77697905216741,-6.156040631743895,0.8305861500124474,-4.4788575365917165
2001-05-20,43.83401935020749,-6.359728473907964,-1.0342138256876858,-5.255895564471276
2001-05-21,42.64108924438948,-5.258994149168531,0.807617509056042,-4.895997395690722
2001-05-22,42.52800487733148,-4.238845046319127,0.6900375908580068,-5.706612053586541
2001-05-23,41.4914116683243,-2.668943886964432,0.5647330357348306,-8.489509733372179
2001-05-24,40.99082744076665,-1.4239941026869924,0.01910870449751023,-7.109676501546324
2001-05-25,39.582160085980526,-1.4798054855447953,-0.7402867419029457,-7.586098139847907
2001-05-26,38.65610144060769,-3.1507719875440827,-1.5607563268721862,-8.400844722225434
2001-05-27,39.307900902943,-4.443321627691442,-2.4210571270163355,-8.970057857623873
2001-05-28,38.69720430975881,-5.725949048080709,-2.851113305731416,-7.320044695643347
2001-05-29,38.5938517965091,-5.221935627266844,-3.119975264170568,-9.7276863835822
2001-05-30,37.34065135162755,-5.5915154174548745,-4.744542807064203,-9.074308119972159
2001-05-31,38.88171591707613,-6.824613498098761,-4.0103561211924355,-9.775904182948748
2001-06-01,37.84022757722684,-8.601543326959813,-3.849101865263917,-9.739814718326807
2001-06-02,38.84052153595921,-8.958096319156972,-2.531401204935001,-9.712527934570048
2001-06-03,40.512568685811544,-9.77099587598848,-2.750881574296036,-10.74368291118417
2001-06-04,38.728466601887085,-9.032915115782126,-2.276063643910058,-10.73849144758674
2001-06-05,40.01593987674128,-8.663381584834946,-2.2815000686836657,-11.809984930116599
2001-06-06,40.36694306843438,-8.342994673648727,-2.698755505257386,-12.205710986256667
2001-06-07,40.91702548714067,-8.734321699375798,-1.32188193604657,-12.975770851280059
2001-06-08,42.55106267715951,-8.12848421961292,-2.864750304971147,-13.196264774516187
2001-06-09,42.340660818117385,-8.273922385281365,-1.2761629427060477,-13.994068746753868
2001-06-10,42.703663401229576,-10.087380532035645,-1.8588648255791125,-14.534791725545915
2001-06-11,43.45879424002654,-11.033552909984694,-1.3841589175264035,-15.94820111804733
2001-06-12,44.41796211146477,-12.004145312571133,-2.986089499645895,-16.731349245524683
2001-06-13,44.91118242370952,-11.792792986083215,-4.409716224344665,-16.739431830181452
2001-06-14,45.693512339114555,-11.252220156084611,-4.348641180034929,-15.291809893358048
2001-06-15,46.27864657625018,-12.5612303888394,-4.066091451325599,-14.939271525065061
2001-06-16,46.77166738217105,-11.725907171941572,-4.739189044710057,-15.150443447898711
2001-06-17,47.26455627442977,-11.51184849214299,-4.545656517170045,-13.940205821294045
2001-06-18,48.420392962278136,-12.451604861397971,-4.904238118536295,-12.888283532806401
2001-06-19,48.28573678663676,-12.62341990561392,-5.223978713675592,-12.688840408971132
2001-06-20,48.65703427084183,-14.135838909791733,-4.631793095120468,-11.932547563250335
2001-06-21,49.19886617781128,-13.01099916737457,-3.899472480605732,-10.749445949031955
2001-06-22,49.20245799745234,-12.19623775723537,-2.5934170754354957,-10.76859017218595
2001-06-23,49.923729344733374,-10.877279854109576,-1.203616076080486,-10.64763738759003
2001-06-24,49.14340170060647,-10.655408863492495,-1.1503718489933117,-11.442785057780869
2001-06-25,50.138537338133574,-11.020200534135347,0.04967590966111857,-13.281009701488102
2001-06-26,49.0628379730388,-10.492892365989194,-0.4405775516645294,-12.960997125634533
2001-06-27,48.103441407639046,-12.060247038830909,-1.9109447790273604,-13.59257812870419
2001-06-28,48.45790140350472,-12.963548316704559,-1.3511137357092093,-13.057610991977025
2001-06-29,50.4892959698702,-12.262800277076575,-0.5522470238545741,-11.940204910650612
2001-06-30,49.627288978721,-13.022303463175946,0.028554986604003352,-12.484190354364294
2001-07-01,50.822048864046046,-12.332545087308542,-0.11926357617994801,-11.86235979678269
2001-07-02,50.35662859509004,-12.83781738381196,0.10916754808803475,-11.98355714870114
2001-07-03,49.46872031705228,-12.719560629777854,-0.02314345644878421,-9.619612326402226
2001-07-04,48.35598475597662,-12.682243311013083,-1.2220796878336402,-9.9353200180722
2001-07-05,48.422388352132465,-13.10492321763639,-1.1646448681359187,-8.874604465073805
2001-07-06,47.215121009977075,-13.050338996374851,-2.4530496140330396,-10.908564265545785
2001-07-07,47.8549451826621,-14.130649011897692,-1.7312998192905131,-9.587697949627545
2001-07-08,48.37045535751682,-16.06182583020077,-1.2935159052495901,-10.64844032708718
2001-07-09,48.28637342257247,-16.108110015418102,-0.33543214384223596,-10.918722892555582
2001-07-10,47.41534308270578,-14.098923279903381,-0.8775570804136494,-10.42879536500941
2001-07-11,46.67342567991555,-14.338516478682534,-0.41253528355826585,-11.04602307354528
2001-07-12,45.48541060727987,-15.245049306315906,-0.6042958835097044,-10.580824746635404
2001-07-13,45.842558230478666,-16.299389981777473,0.5398662722159154,-12.300495453263212
2001-07-14,45.18709750783765,-16.622001479806265,0.4527853835060559,-12.047396050416625
2001-07-15,45.84408803736517,-16.2205567282856,1.2486124308502478,-9.96090403693984
2001-07-16,47.7727341826994,-18.27611116029277,3.0893311325538075,-9.411597244283687
2001-07-17,48.24915754178435,-18.592494896626857,3.5435359639726838,-9.0774253256309
2001-07-18,49.44922413014513,-18.393448456736657,2.0477373811760615,-9.181422334206529
2001-07-19,50.118419697000846,-20.584821295905503,1.579189455246965,-11.053150190335268
2001-07-20,50.884073157642334,-21.125351356355416,3.3898286463330742,-10.618325192733494
2001-07-21,50.75821076085338,-20.7211698163404,4.426383936483839,-11.041790794588092
2001-07-22,51.44933832349823,-20.872475055015954,2.9519372166764395,-13.079424815456665
2001-07-23,50.99682543966533,-21.063818337454563,4.366377043482011,-11.606906595588343
2001-07-24,50.40080796964013,-21.120990091227466,3.572338545938055,-11.965498413778834
2001-07-25,49.57876812070818,-19.727891715383905,2.050077168887318,-11.033539922041413
2001-07-26,49.93842290082358,-19.67621314970525,1.940548372382804,-13.551747258937315
2001-07-27,50.27664667933523,-21.19204436517748,2.777040234742656,-13.255174895787237
2001-07-28,51.54407467095374,-22.370713282610392,0.862394916149581,-11.747972579775853
2001-07-29,51.75771695511901,-20.577351006932915,0.687488856931683,-11.024954654056803
2001-07-30,53.63670323005157,-19.348379367415905,0.6136313463384925,-9.827128018163643
2001-07-31,51.884826628130824,-18.27912862775205,1.8367581588996957,-8.33989156370017
2001-08-01,51.95934718993041,-17.225286829185965,0.12679651669490877,-8.201210978878363
2001-08-02,52.90852984047469,-15.944726506541691,0.7449924235451851,-9.021648778015836
2001-08-03,51.93626392765315,-15.001953705842121,1.9483174236194798,-8.007824073333763
2001-08-04,51.800155244310275,-14.591965137713677,2.401995169871205,-8.439328263445303
2001-08-05,49.838231461730516,-12.596847986826212,2.837208802284318,-8.642639615654197
2001-08-06,51.70293851194096,-12.558218626704575,2.547626254574949,-8.99781465448948
2001-08-07,52.27431118911932,-10.687032408668278,3.176135442497814,-8.037413148360589
2001-08-08,52.04962865834674,-8.842731201185504,2.3607312021678126,-6.728546430635394
2001-08-09,53.360545765547094,-8.343135233205727,2.9333794612546535,-7.571884856878556
2001-08-10,53.054513997370805,-7.335824534475625,0.7617416480593171,-7.266503427125162
2001-08-11,54.544561032543385,-7.933375003556447,-0.28113636288537225,-8.607966411834907
2001-08-12,55.29784722485951,-6.1661196962964855,0.5573479491061613,-8.675389870419751
2001-08-13,56.84795556546884,-4.626449161216552,1.1853895950774693,-9.32406873642282
2001-08-14,55.719549769969305,-3.1493815093411524,1.0283104218347556,-8.588856436466383
2001-08-15,56.38410696903594,-3.283265440223051,-0.32370622529375837,-8.356674097371869
2001-08-16,56.3183411720043,-4.648664006207497,-1.1250212732713263,-8.534913683085263
2001-08-17,55.4824973000815,-4.658892276803954,-1.4965651169897467,-9.041507694045961
2001-08-18,56.3419029235264,-5.744650598980738,-0.9226609901944302,-9.913286354382276
2001-08-19,55.73951168086297,-5.526783018281669,-0.553845828087739,-8.45804163973864
2001-08-20,56.46481902544001,-4.1355651948778345,0.9808403318077519,-7.7567498970376505
2001-08-21,55.6624044372616,-5.274110992653168,1.5630148850945993,-10.111136903686468
2001-08-22,56.82697852570991,-3.690615429645347,1.0724946454759927,-10.575333329956326
2001-08-23,56.38260697045801,-3.8133821622516635,1.425938504765242,-11.410754221856337
2001-08-24,57.26037363185093,-3.4028572298470254,-0.3314750135454836,-10.522385852659415
2001-08-25,59.08804680163185,-3.7634160964591503,-0.31864213328342156,-10.12683306333517
2001-08-26,59.71131120442046,-2.874234478939893,-0.23643595486148705,-8.064734344346217
2001-08-27,60.333550619448125,-3.1000121713868394,-1.2849802756811703,-7.749953039135233
2001-08-28,60.655048196649176,-3.696361532108191,-3.406355131567099,-9.399270307560906
2001-08-29,60.47228555792674,-4.145939842764722,-3.5522518126929827,-7.715269810507102
2001-08-30,61.94191421175637,-6.349582243772069,-3.690488575920416,-7.825830892760567
2001-08-31,61.772995516715376,-7.10613573111439,-3.971553763698831,-7.275129162331874
2001-09-01,62.185745434852656,-7.577279920140272,-3.821309027895839,-6.0816238156540825
2001-09-02,63.321475347501696,-6.410520640586798,-2.945498289580813,-6.601830543917239
2001-09-03,63.61879509125249,-5.665033458138287,-4.438028754199497,-4.849736548534456
2001-09-04,62.00228927344409,-6.689318246736808,-4.311322372600342,-5.105841942474977
2001-09-05,62.35846938532739,-8.186513122655835,-2.8306818494353414,-4.980218546096637
2001-09-06,62.80901932510634,-8.738211232154285,-3.1893129871683197,-5.470315777812785
2001-09-07,60.85036325982284,-8.665764788297789,-4.111208819814107,-4.995137093573504
2001-09-08,61.26641445937742,-8.277007298684115,-4.534230950075359,-5.456290909432009
2001-09-09,61.74880699269798,-5.789742345426519,-5.279993387123077,-5.353800622674831
2001-09-10,61.11578947940007,-4.87976781085483,-3.5223688828539395,-4.213260477905024
2001-09-11,60.304096208324694,-5.353775487447928,-4.157633510169753,-3.217169598778555
2001-09-12,59.003557202196745,-5.469923230702282,-4.0084154425566565,-2.869209871740079
2001-09-13,60.27343678373032,-4.660096084010627,-4.673727663314264,-2.708249780237794
2001-09-14,57.82873335929848,-3.9274456547895578,-4.362018761114453,-3.348699827058534
2001-09-15,58.5173873978003,-6.195382808994916,-4.491563541626849,-4.149299839108347
2001-09-16,55.95757618309936,-6.043697353387431,-4.129220959278428,-3.5583634436372016
2001-09-17,56.49539787748466,-4.146118545824066,-3.7165574698828454,-3.3122378540223787
2001-09-18,57.35363769702454,-3.219304886973942,-3.8554490598713067,-3.643427309888963
2001-09-19,58.13651303747374,-2.1121113445714057,-3.5995034647971536,-3.8043162661188896
2001-09-20,60.09013760296043,-3.9047902302184534,-4.00572105970562,-4.04491097521514
2001-09-21,61.02656497913601,-4.9382016868673455,-2.324951968935319,-2.4896935899954973
2001-09-22,60.42190972853143,-4.356626874797037,-1.9902251824269181,-3.6333113843561415
2001-09-23,61.07539147562815,-4.546483150587034,-1.5853069225181575,-4.090835968441538
2001-09-24,61.17696897395627,-4.644827940344265,-0.5529206908437978,-4.543666343770378
2001-09-25,58.007991484158005,-3.9330179611250604,-1.854084426117562,-5.9026906757987945
2001-09-26,58.12107095321465,-3.0905978684478415,-1.4993659653730702,-6.36864048115506
2001-09-27,56.63630327681292,-2.377353326325397,-2.1047342246148806,-4.336079320990722
2001-09-28,57.14645377845796,-2.40775941533632,-2.786203547618334,-3.3736545111650864
2001-09-29,57.68011920064882,-2.0350482441213473,-3.626032717872479,-2.0582985368443176
2001-09-30,58.775714236029245,-0.24435272195750812,-3.812234206268977,-2.553179323268988
2001-10-01,57.4729495399738,-0.20312214881092222,-2.396608797516856,-2.1275717222339936
2001-10-02,58.099873381100245,1.4493675567888422,-2.028977177320927,-0.46017368247255264
2001-10-03,57.232492304676526,2.6459966005352573,-1.21916776977419,-1.3130764137555282
2001-10-04,57.88382134818134,4.479355299188927,-1.6563420242775302,-1.248637827333188
2001-10-05,58.556433429599686,4.722924793668703,-2.128988727650912,-1.4901604190617497
2001-10-06,57.71247100212721,5.960575455258704,-2.742341640609212,-1.4707735772126498
2001-10-07,59.136101802595434,5.9906192197796955,-4.477664795299592,-3.8113244711945624
2001-10-08,58.163005671404214,4.8125646309477395,-3.2856417081781197,-2.071040453375214
2001-10-09,59.470175357708854,7.479481238745308,-3.283814005516409,-2.583876531257302
2001-10-10,60.99599074945235,8.922884584065516,-1.4187304167504395,-3.830853789685465
2001-10-11,61.91043280590976,8.891910049683922,-0.23922799975471598,-3.5142473568890367
2001-10-12,61.899057304244444,7.91037930355559,-0.4040653802481,-2.6367617246024158
2001-10-13,61.94679167894466,9.160245251122488,-1.5269701176083472,-1.279623374960252
2001-10-14,61.35464226503365,10.61147928953642,-2.3054082398131954,-1.2824000368051065
2001-10-15,62.007295879916875,10.441002747586086,-2.234243256565792,-2.0172309578569916
2001-10-16,61.91900581639966,12.375018805210397,-0.5028751403428657,-2.0109571417735586
2001-10-17,61.51814201344264,10.998864815553775,-1.0313052277482038,-2.7016658166762717
2001-10-18,63.00274016399073,10.180914552823829,-0.277357494446539,-2.935700111530426
2001-10-19,63.834853835746905,9.066645962565667,0.33192905529712413,-2.8842712158285004
2001-10-20,64.88315084944247,8.964001289280805,0.9463691121408903,-3.7422766494229736
2001-10-21,65.4866797000844,8.660863616205594,1.5215308737639481,-4.855910150864288
2001-10-22,64.9947395566696,7.722429017847173,2.860519346946871,-4.86187046074193
2001-10-23,63.77357724022002,8.175561784816033,3.5814972441572577,-5.302758307065287
2001-10-24,63.69170250142966,9.729602894062182,4.090493964857442,-4.3721121929118425
2001-10-25,62.37115522495207,12.31087697857846,4.151989071634853,-6.001401136885724
2001-10-26,64.69819191409125,11.989896096953835,4.289921331890056,-5.9755639379034555
2001-10-27,63.589666592400334,12.647556577825677,3.6474340387170594,-8.675807378537735
2001-10-28,64.1582084498398,12.808724314280894,4.449950292726274,-10.875683166844324
2001-10-29,63.3919718158639,12.957648347476331,2.433163943657047,-12.433575076028191
2001-10-30,64.42895268123154,9.689128178141608,0.017335411382686683,-11.976351696570681
2001-10-31,63.49934375980971,8.212811814330774,-0.7666450126720511,-10.725398077230356
2001-11-01,62.29148607897013,8.14062836625958,1.0234185729883323,-11.0452417048739
2001-11-02,60.791097500103476,8.497177765789184,0.6588003303182044,-11.507087222972464
2001-11-03,60.85182487609705,6.126901542804426,0.1746660926642873,-11.436975194269623
2001-11-04,61.94911067286585,6.562437834637563,-1.0608858634599065,-11.180081175989011
2001-11-05,61.55881939481324,8.38511474703352,-2.3490435556350695,-9.758672033395621
2001-11-06,59.25626210465179,8.106017231542147,-1.053436317707502,-9.470037020553248
2001-11-07,61.20388808042482,7.429869631836348,-1.3137392762709255,-8.775644472549034
2001-11-08,60.08406282192912,5.953683973386544,-2.933769787062487,-9.584677588625802
2001-11-09,59.231103935415916,4.842938355035223,-1.88102139804842,-9.09912164725058
2001-11-10,57.97187139765413,4.761882785538363,-2.61907366397793,-10.3938872541036
2001-11-11,58.21853199727376,5.438297491018812,-1.4101772201736058,-10.895894660164458
2001-11-12,58.683916917267354,5.909755507881782,-1.3143831816495481,-11.39776661647259
2001-11-13,57.47288328417858,5.961569014003133,-2.3910890489122005,-11.757771982795427
2001-11-14,57.40111571459799,6.449983511632175,-2.58769266995844,-12.056261954819258
2001-11-15,57.020729713753106,6.36557787655374,-0.9093468651032828,-11.159778153985902
2001-11-16,55.774878245333994,6.311933065626572,-2.544219746826916,-11.173243300406716
2001-11-17,55.011367633722074,5.667481157420836,-2.7543968363562796,-10.745881477150428
2001-11-18,54.81875985433696,7.5416366612132055,-3.130682498796145,-10.827042811489527
2001-11-19,55.0905467645148,7.408530088326876,-2.925153331347437,-11.352156931202956
2001-11-20,55.441290763150654,7.765953401399332,-3.0135274640641243,-11.384829923060702
2001-11-21,57.34570934144417,6.374505617587868,-2.832261631411819,-11.347297677287846
2001-11-22,58.16840207213106,5.801018108446551,-3.5700803841525004,-10.083640226327114
2001-11-23,60.98698175669549,5.574303442064978,-1.9102843519820047,-9.888135245552142
2001-11-24,59.86255625049886,5.8128248543666885,-1.8622497225855845,-9.512670602807665
2001-11-25,61.31269613575181,6.461836069761708,-0.4416190743924635,-10.30979393538196
2001-11-26,61.60090946966265,6.756449232697915,-0.5624664530902546,-8.698694458845171
2001-11-27,62.458189812015966,7.576901132118104,-1.1172251813409209,-8.965259596759877
2001-11-28,62.952232444517406,7.240154959214653,0.10402941806030386,-7.924156874343322
2001-11-29,61.99220313996926,4.878779132130214,0.027509983514374434,-7.101939821216491
2001-11-30,63.12773968354734,7.228513219008702,-0.4190880050730263,-7.081447753557043
2001-12-01,63.146830520651335,6.98641975229688,0.8869266634099364,-6.284273432779743
2001-12-02,63.11224441543722,8.55089800512128,1.73133290861746,-6.990438673219224
2001-12-03,62.74503805610785,8.375369445792057,2.4901490319030466,-6.666387040994776
2001-12-04,61.17098989536423,9.80810252348644,3.7835740047666424,-5.63565739627328
2001-12-05,61.17929821118005,10.028606171631617,5.031190971484946,-5.653628945159727
2001-12-06,61.594536926095024,9.866407107461267,5.809355645286973,-6.218868066142679
2001-12-07,61.38904578419587,9.722151661024157,4.045740193144085,-7.306567797573462
2001-12-08,61.46242813496943,8.277075196137927,3.1197008348026007,-8.530692605862061
2001-12-09,60.567081210949056,8.869182003998471,2.633460430719274,-7.8145094796408525
2001-12-10,62.491903339264745,6.9177533049726225,3.414327306033724,-7.736725041017212
2001-12-11,62.63869822163129,7.404338906968021,4.142671525781551,-7.275682619748456
2001-12-12,63.17649224204732,8.084872380319824,5.212638703870191,-6.894681560743699
2001-12-13,62.85223415982439,9.74590664447836,5.320948247994962,-8.322396447568458
2001-12-14,62.324762703803074,10.7679896942573,5.886271435673801,-7.672094551184687
2001-12-15,62.61833187966638,12.068896833387068,3.0548450324222216,-8.421748343187188
2001-12-16,63.62507098517721,13.091070315364336,2.6487925769959375,-10.275834406241525
2001-12-17,64.60153350480788,14.137661414047702,2.674900819980731,-10.21317599866348
2001-12-18,64.85923831371535,15.624187726683084,3.6834383501249564,-10.348522182484826
2001-12-19,66.27093653541645,15.498027743047137,4.259535179024903,-10.38429946787001
2001-12-20,65.655273574892,16.046683971410264,3.5750302739846305,-10.300476358733667
2001-12-21,65.37831116992483,15.089390662578777,3.9940230202495046,-10.804396913964961
2001-12-22,65.13673163507255,15.834113384445075,3.3501589660540922,-10.358610039293735
2001-12-23,65.76969463657578,14.113369658628525,4.414227932954588,-12.510446374768865
2001-12-24,65.94337248174179,12.26357590381936,4.972595227054606,-14.200957246497602
2001-12-25,66.43992062008478,12.13226772542064,5.10246204025341,-13.542439436953206
2001-12-26,68.03353537858348,11.891707257780094,5.356509544387444,-13.986530765177132
2001-12-27,68.52839112617572,11.979430664171792,5.199137517866479,-13.85515537082726
2001-12-28,67.3869218335021,11.681040713915603,4.68567424559425,-13.4582442077072
2001-12-29,67.3166427419173,12.55206061530835,5.362351186200759,-13.629406439005447
2001-12-30,67.2658778074801,12.886556197540662,5.134071121494486,-11.754361155960499
2001-12-31,67.61275304825661,11.706382599977598,6.083668669150898,-10.994781628756847
2002-01-01,68.1188990292388,11.472839447164297,4.601595856239913,-11.402684833628488
2002-01-02,69.60035448821237,11.929535583502773,7.250624521327465,-12.71920465372586
2002-01-03,71.29082751091403,13.986640427952425,9.60528738996053,-12.268418200100665
2002-01-04,70.39309693576527,14.844706647272005,10.364885856600818,-13.434961573453114
2002-01-05,71.50401928794678,13.86552665717551,10.333712563985825,-15.280807678434542
2002-01-06,71.39092252836794,13.80168556162903,10.039065191595538,-16.733107999116275
2002-01-07,69.72478755482285,12.489335037272996,10.450538650088129,-16.4439262173355
2002-01-08,69.59874027388683,12.437963682121458,11.389464104786875,-16.18552593248887
2002-01-09,68.3328082383809,10.625555635591066,10.876537464884684,-15.9816381665014
2002-01-10,68.6384648392611,12.211559649014298,10.756972531063754,-14.193886421058282
2002-01-11,69.76953722898426,12.946927622041724,9.686291104227356,-14.917308182140694
2002-01-12,69.65126266234557,11.203754411374636,10.658590963743213,-15.2030761795323
2002-01-13,69.87153436997973,11.091979484492617,11.59123790955421,-15.33596449364145
2002-01-14,71.16578829687928,10.131696543038437,10.621702761326148,-14.634667551006459
2002-01-15,72.16379169956657,7.827613404889998,9.928625057993376,-14.325051978952931
2002-01-16,73.14136443476389,5.857049005599607,11.047934131566779,-15.826537935146476
2002-01-17,74.23704263978674,5.615243032492609,10.183379357426618,-15.927898815813647
2002-01-18,74.86643774229168,4.779585613116117,9.416624681746356,-16.935591697880373
2002-01-19,76.25037031866867,5.781518530258188,10.13680760373854,-16.382900365755447
2002-01-20,74.13649248637174,6.015084864132374,9.838727753173636,-16.505340228503144
2002-01-21,74.8366448712479,6.0197293772551275,9.470924978540276,-15.482333358957966
2002-01-22,73.88728246963423,4.871035664992316,7.315088208087364,-17.34079168751384
2002-01-23,73.16146390962224,5.567338557842499,6.552994449528966,-16.441163784268923
2002-01-24,73.11849570166129,3.783290741941527,7.606445087451535,-16.84370065881901
2002-01-25,71.04448864045965,4.853264867661157,8.973042939301935,-17.330890836399707
2002-01-26,70.74603670534935,5.507316109069504,8.036451491604605,-18.460760501635175
2002-01-27,69.54363941505088,4.3094774990411455,6.172034427660251,-18.215572889850005
2002-01-28,69.15912763247051,5.714000374064832,5.399503292487258,-17.069636839644424
2002-01-29,69.73522241546219,8.057564442852962,6.667279691293903,-17.51515673749342
2002-01-30,68.49948634618885,6.951799886677328,6.249508798171705,-17.17253005158093
2002-01-31,67.71763835451651,7.606545790693044,6.849050290829109,-17.37748331424838
2002-02-01,66.70489450050188,7.666860728908157,7.571373242087888,-17.762604467742488
2002-02-02,65.96617906554503,7.828707697777646,6.550303268612566,-17.201735823953015
2002-02-03,65.42691064314938,8.457153261225255,5.860416966508829,-17.907922254857386
2002-02-04,64.61643708982835,7.7196799268939635,6.483190889361773,-15.995631369182295
2002-02-05,65.7199179013535,7.435692341045761,5.663771274011923,-17.746303777546505
2002-02-06,63.945617925329664,9.130233290551892,3.840897298542137,-17.886465457230866
2002-02-07,65.03771292824828,10.064116844884634,4.448034182693718,-18.290514458175796
2002-02-08,65.03633283979953,9.366531454910492,4.042589014703151,-20.282798374352467
2002-02-09,63.88176942725652,8.389518593024292,4.2322282633094375,-20.832328724041012
2002-02-10,64.12929546275586,9.07582147160273,4.84836478267768,-21.138287261972366
2002-02-11,63.88215934949083,8.370648811062868,3.2150911458271763,-20.69745764164166
2002-02-12,64.55738952270549,8.052086213639017,4.620534975571616,-19.9356676854927
2002-02-13,64.61415271242056,7.31693837896369,3.1972228148411244,-20.867335367270964
2002-02-14,64.51471062923827,6.648888229736335,3.1463090260063757,-19.862003812141253
2002-02-15,65.08830458681471,5.718765715259015,2.429781032654555,-19.50375193730118
2002-02-16,65.49143997129077,7.029591924446375,2.989022777212974,-20.91824084144323
2002-02-17,65.92640353641247,6.935981054489507,3.8031137094066985,-20.701241636911767
2002-02-18,63.157307094739906,7.321508203562331,3.1963504975231265,-22.217914615008702
2002-02-19,63.339761452302696,6.49996413915035,3.80318999506898,-21.396303576573114
2002-02-20,64.63714452977929,5.846080877719209,5.220524760093171,-22.5108475137548
2002-02-21,63.672796561826274,6.945339421087836,6.724498094283847,-23.79365189780392
2002-02-22,63.68547496195288,6.331844937794329,7.704619012311696,-25.046312665040038
2002-02-23,64.96219080099807,7.464935999641247,6.658113222038596,-23.165764939061166
2002-02-24,63.256465686829145,7.776418065646142,7.184435477264719,-21.51691422993407
2002-02-25,64.15994622483714,8.610768972645264,7.514556984045531,-23.2356164917197
2002-02-26,62.97312048941094,7.401060144319918,8.572608784598215,-21.433065750334332
2002-02-27,63.395663744824105,8.030683713137377,8.484553295391128,-21.14803681582873
2002-02-28,64.39702691473701,8.55352451911332,7.881564125299735,-21.072803489518815
2002-03-01,63.275133133251,9.634753772589944,7.749754732485162,-20.97440582723737
2002-03-02,63.501904786770744,10.213991374096395,8.253005785417445,-19.61595831028174
2002-03-03,63.387849654406146,9.781756792423993,8.683873781348584,-18.531569772602815
2002-03-04,63.14141605812994,8.685603024986555,10.641900457293564,-17.49619219295047
2002-03-05,63.199389733401034,9.259074878971882,10.891591817731205,-17.170539936543776
2002-03-06,62.951900595344995,9.700260704820062,11.793842588224763,-17.44317416523618
2002-03-07,62.36461267351616,10.350285140677661,12.925728194830672,-18.059977909780113
2002-03-08,61.9971481932396,9.399796289709263,13.611962647734522,-18.683942113831954
2002-03-09,62.09471665385332,9.4038082105163,13.774435263041724,-19.147765264458776
2002-03-10,61.3241692785677,11.052934036689889,14.296100663376706,-15.94412774937041
2002-03-11,62.765399891944334,10.413787477200346,12.904061165581087,-15.763784496228702
2002-03-12,62.87629305970378,10.173687109602165,13.652962527060868,-15.939847361653188
2002-03-13,61.345476112824436,11.134908390267237,13.965647701093795,-14.665723149445036
2002-03-14,62.022641431528676,10.671398395247406,13.96895040431146,-14.096919032135874
2002-03-15,61.636835016082074,10.64424216338169,13.00834505212686,-15.172342091162802
2002-03-16,64.17282072235395,9.41649123746276,11.8765167866948,-15.458929995366596
2002-03-17,64.690946530826,8.244461755154662,10.614113958533407,-14.24948963327816
2002-03-18,64.63722703377137,8.270206261492332,10.315978328354882,-12.880795686039669
2002-03-19,64.03146985651651,9.922532899394284,8.184597667615185,-11.59398384754132
2002-03-20,63.94182119840381,8.996094270094499,7.992876040339375,-13.674587925818548
2002-03-21,65.05632745183637,8.314645539297198,6.998209031699712,-14.059502907524038
2002-03-22,64.9943656522316,8.913541986542993,7.23124674183142,-13.459223395674488
2002-03-23,65.03748856867853,6.488357020688868,7.819202511356735,-13.951859598306447
2002-03-24,65.58960198478306,7.678224360015825,6.749708537388477,-12.593739694027432
2002-03-25,65.77971463585905,9.051273040905325,5.668286213884468,-13.530190971709818
2002-03-26,66.71536141077631,9.869311997895684,6.694565286476405,-13.944818221535757
2002-03-27,67.58898750227146,10.48183261287269,8.407286771980058,-15.611486330167656
2002-03-28,66.48765633418785,9.926025055806571,8.927192940772212,-14.863224704343317
2002-03-29,66.94271272320583,10.236993104859677,8.616922453860356,-13.523073043976007
2002-03-30,67.94986746336556,11.36665687294255,9.927510763795095,-13.146836616966947
2002-03-31,67.41788361854036,10.231406858351217,11.490567981009438,-12.426613347077165
2002-04-01,67.72788323006279,10.50120257943633,10.662327571880642,-11.482005986448142
2002-04-02,67.25940498081783,11.104052260072606,10.306073970887711,-11.898752553799932
2002-04-03,66.86797116755527,12.429003071647966,11.206546995541128,-13.35752745505508
2002-04-04,67.26670795620846,10.876491279474568,10.900100361930235,-13.656167850731375
2002-04-05,68.96733341274377,11.389506987450506,10.787680433185656,-13.921025732262144
2002-04-06,67.8427474137942,11.277747216656971,12.633285440088633,-11.531040563483312
2002-04-07,67.49483305497037,11.244111506150883,12.48138772097327,-11.561603401397441
2002-04-08,68.24938552582239,9.400148075271735,11.335541282592944,-11.884336093632637
2002-04-09,68.44533834044466,10.726815605360155,13.440987698341626,-14.111578685991308
2002-04-10,66.96372859157505,10.440479143266039,12.29001416740289,-12.499236419352872
2002-04-11,66.57499394269846,9.570253618591828,13.452562292718074,-12.604664947296992
2002-04-12,66.23600211822465,9.758877079624494,13.448950800968328,-12.415578223792098
2002-04-13,66.29250401785382,9.869240333109113,14.338267135700207,-11.755614082054409
2002-04-14,67.44360512514534,10.97917314445473,13.780360387874248,-11.218113013240139
2002-04-15,67.30704680065404,10.975238053987598,13.470412165758992,-13.821109231060667
2002-04-16,67.86371909515385,10.578138887566299,13.40253923197089,-13.95015055337035
2002-04-17,68.77847763779378,10.597721337182007,14.020187796306804,-13.791770234962993
2002-04-18,68.06171364124923,9.354375050050594,15.311591331156631,-13.825596500995095
2002-04-19,68.34905358023101,9.538815209279656,15.255601480651347,-14.29421540702479
2002-04-20,69.42983711983656,8.860677174327446,15.214522931760982,-13.470134070874668
2002-04-21,69.5583190249303,9.024533064063087,15.23275319540482,-12.873649133627165
2002-04-22,70.23100466125665,10.035512707329772,13.810069571334964,-12.559639628677603
2002-04-23,72.61147942243224,11.675673044096659,13.046025558157911,-14.209286827675776
2002-04-24,71.79240843982325,12.113479899610576,13.633910541943267,-14.702930553955008
2002-04-25,73.22285740196807,13.20144840680262,13.462598492619371,-14.990578043302346
2002-04-26,72.76824767221716,13.445865926970404,13.715610293744044,-16.436226841080966
2002-04-27,71.86792755916824,15.64944610311278,13.35901306906699,-17.07947492778817
2002-04-28,72.04943277832368,17.00922692237822,12.957469812111375,-15.74473651302878
2002-04-29,71.44007972091846,16.046136494695777,14.920726915509603,-14.955185954874663
2002-04-30,72.16272003395083,16.978609579134776,16.06552889288833,-14.928452920042972
2002-05-01,71.4911061371375,17.425240955735305,15.621398856796013,-14.127628677929753
2002-05-02,70.34312604803127,17.678981630486746,16.841551778368867,-14.864365834128929
2002-05-03,70.46909208211076,17.85075470160232,15.038881999585765,-14.320026136072801
2002-05-04,71.26245581725445,19.779827578302275,14.774184251679214,-14.804628300082195
2002-05-05,71.84763274260042,20.295772523322764,14.142640245867655,-11.90653196337401
2002-05-06,72.51144378770049,21.839531973876763,14.36204287652638,-12.065328246384142
2002-05-07,72.63847611681805,21.30699661345166,13.768561968340164,-11.535266266533887
2002-05-08,73.59545129756906,21.11102935562826,12.26335848501102,-12.049504511979077
2002-05-09,71.81492399649505,20.500685238809474,12.662476192198989,-10.086300052424614
2002-05-10,71.51136257526736,22.507465122472496,12.927209408394212,-12.43346852139533
2002-05-11,70.86110671820337,22.51445674818385,13.245930418093431,-12.784172293327398
2002-05-12,70.77388612928996,21.708327480040182,12.913890295897717,-13.50774615268476
2002-05-13,70.72298203136265,20.89734964307668,12.867621619814052,-12.798281060526575
2002-05-14,70.25666073047522,20.14085230791387,13.461410210748024,-12.494272292400266
2002-05-15,69.9026885145741,20.136135507569406,13.164206397199546,-11.554719517073199
2002-05-16,68.91816719139753,20.71035058857238,12.631807579416886,-12.0614427452488
2002-05-17,69.0282442987108,20.363766108675716,12.326249907356026,-12.924695639991715
2002-05-18,68.87816031982062,20.523434409011394,14.870969757336983,-12.23272434505714
2002-05-19,67.14596049557704,21.43701230935434,16.512618196490223,-10.330628014971989
2002-05-20,67.61220923816984,20.396132523633785,14.543897048001147,-11.132102474270608
2002-05-21,66.04490235872161,19.754058545679634,15.579450307280098,-9.535326011760382
2002-05-22,65.9837769504735,18.935688860706314,15.219967106421572,-8.885309130272889
2002-05-23,67.0424094845804,18.182644696874664,15.773799084968728,-7.865736907438251
2002-05-24,67.35450440256028,18.51008746793565,16.729493996964578,-7.7324115638230415
2002-05-25,66.83985741226543,19.788339978347196,17.225918748359476,-8.738598044475046
2002-05-26,66.30846513584328,19.036596433240778,18.070838133284006,-9.217239372088828
2002-05-27,64.400197597088,19.800389342562145,19.568115665715222,-9.756106825263894
2002-05-28,64.08342593341666,19.713627924124154,18.91788989777306,-7.34705190342887
2002-05-29,63.46570900666137,19.84350417601986,18.73865998238053,-8.063586846942766
2002-05-30,62.207124801125815,17.809431825916015,17.57115783131183,-9.850482750745146
2002-05-31,62.65532694746887,18.35535745001458,18.658263576470105,-11.130156277993065
2002-06-01,62.68381915978708,18.873639787848177,17.25881850907068,-12.77813609467167
2002-06-02,61.688068630344695,19.45939492548035,18.916860635984268,-12.536812348670408
2002-06-03,60.53471924387785,18.746857779181962,19.44882747837435,-12.42991355571656
2002-06-04,61.308291376226,18.154848102061596,19.789789158349755,-11.137864617663327
2002-06-05,61.049864046893724,18.958833224741678,20.15109068246479,-11.85963092963498
2002-06-06,60.09868237646114,20.864900415350025,19.079659587167992,-10.796158963246562
2002-06-07,60.55091599336797,21.7486599614157,18.63413677696128,-11.309661551119607
2002-06-08,61.40658744323502,22.504478158152754,17.523250308000645,-11.362380736262319
2002-06-09,61.783877762391306,23.15515648945963,19.244326379508223,-11.833265281440498
2002-06-10,61.3325895981724,22.239564539597335,19.159558000410616,-12.649702182994245
2002-06-11,60.91035924853832,24.4419489172863,19.21191077830475,-10.611391208383246
2002-06-12,60.555429768957765,25.037089000960016,20.277254022490293,-12.098595466728346
2002-06-13,60.030156204879766,24.61269156795484,21.54961002984254,-14.197950341126226
2002-06-14,59.94824504465797,22.42595590633576,21.469767606431613,-14.499536668158445
2002-06-15,59.9886418029821,23.87188679205379,21.734726528770096,-14.79452204831378
2002-06-16,60.10683687342719,23.40633369622392,22.391953802306354,-13.029259397468795
2002-06-17,60.51517743579768,21.556756607622496,23.251617828784422,-13.277022715902008
2002-06-18,61.40416618095324,21.113328159479288,22.649073360700974,-13.143976616484323
2002-06-19,60.929320194836095,21.619774705308505,23.409636618528538,-13.39359249369696
2002-06-20,57.984041667629974,20.819157750937606,24.318215646837626,-14.4531232083122
2002-06-21,57.90033139476599,23.442252841208962,24.53285781913426,-13.22784589764149
2002-06-22,58.202831103270825,23.436310774090266,24.045023013718843,-13.455779278424583
2002-06-23,57.869988731368174,23.993805134264836,23.937008994102424,-12.425553532235057
2002-06-24,57.95967050301257,23.862570058950997,25.153571028068196,-10.902821590107914
2002-06-25,58.82001253691819,23.423316352709058,23.469755882081987,-9.146347937515168
2002-06-26,57.86233506639178,21.46101849707153,23.14589051352643,-9.584000591778155
2002-06-27,57.08922682832703,22.048887126344855,24.002214655245243,-7.741246443512481
2002-06-28,55.56615410966478,21.78983167963446,25.38655019548317,-7.282537830491086
2002-06-29,54.91475051604243,21.316125576316075,26.66877814209741,-6.804141913809907
2002-06-30,53.18014987917688,21.251918278235415,26.57854959190674,-7.72891014780104
2002-07-01,51.825827874712694,21.567318917860177,26.869775416480838,-6.564153966081168
2002-07-02,51.5951812094811,22.038699731259033,26.89928689877809,-7.14139374474995
2002-07-03,50.2628495857603,21.976431581937458,26.642978330298753,-8.804019113806957
2002-07-04,51.250032627934395,21.486385637614806,28.500691293711096,-8.613697050811718
2002-07-05,50.61968251446658,21.26159399202303,30.006585541066766,-7.499836652722524
2002-07-06,48.94955131822478,22.135974896430866,27.588551533269776,-5.611737014269225
2002-07-07,49.026655573296196,21.479319253466308,27.88975973084129,-4.982826954933464
2002-07-08,48.53242523321816,22.810110523160258,27.122938109464783,-7.0402394290223995
2002-07-09,50.13308264012938,23.03253237989249,26.807053333260022,-5.958379779210949
2002-07-10,49.39933341458588,23.180422278805125,27.184971175691544,-5.476408161719328
2002-07-11,50.10734845219439,24.506172073710953,27.309366363920727,-5.7849234053714635
2002-07-12,50.89681188737339,23.031748951452553,26.602386752058628,-5.299947726208236
2002-07-13,50.11535062516344,23.568218109375348,28.221694479544635,-4.7535370796336265
2002-07-14,51.24224934112476,23.887075036299578,29.37292027366981,-3.074417891958146
2002-07-15,51.229555701906065,23.716150676757515,28.535106464657257,-2.7707971795441244
2002-07-16,52.10032718752646,24.113176598445506,28.212009155737185,-2.2816286984323355
2002-07-17,52.01377514335352,24.765670030090423,28.941557427215542,-0.7472905536101861
2002-07-18,51.171682386043706,23.523677817305156,27.660272878605703,0.5561779491372165
2002-07-19,50.653835170953826,24.197833276786216,27.389939180574927,0.13385260831530932
2002-07-20,51.18229465193952,22.733386550786133,27.872379724068356,0.26857048954024554
2002-07-21,50.62544432442028,25.041554883700403,27.23310299142101,-0.3120691335116378
2002-07-22,50.70084351830858,26.998635759063482,26.918260623017844,1.0247269879263752
2002-07-23,52.48808234485504,27.320814330115983,25.612272116758984,0.7594815173654564
2002-07-24,53.55934067983316,28.717979771459518,25.439731183365843,1.7235263286555353
2002-07-25,53.296464223331455,28.58828553121839,24.876562322343638,2.8574596896395
2002-07-26,54.18380222113252,29.749280647842376,24.26002564928112,3.6334320590671263
2002-07-27,55.16242170752856,30.140079902636025,24.28648306859314,2.9699263677983154
2002-07-28,57.363298644662095,30.02040794813505,24.484557045250643,3.7706257357250412
2002-07-29,57.663836842674186,28.932841533342955,22.4825780226701,3.0579131890388345
2002-07-30,58.26747969147789,31.517633716542164,20.942044675212905,3.9635097017965903
2002-07-31,58.024718243775354,31.915171977318323,20.936970465867795,3.7337431397120366
2002-08-01,57.57929998872654,33.31788837991937,19.363021772580257,4.067568075242504
2002-08-02,56.11069142271177,35.26629860373189,19.57220433618799,3.394224649156658
2002-08-03,57.02522650613689,35.69487613270559,17.93440418035444,4.287102179395544
2002-08-04,56.54033499856542,35.08629106431108,16.08606103108069,5.790391101432126
2002-08-05,56.02195171817075,35.623358006996696,14.881388466533522,5.82420728796615
2002-08-06,55.090582800331184,34.12583921927689,16.149847053756094,5.005532722751505
2002-08-07,54.36300064916672,34.25070839620391,17.835215240706933,4.369068092596558
2002-08-08,54.18083699846301,34.48083015021809,18.195202355983405,5.155787402133316
2002-08-09,53.70902903970165,33.256481123402594,18.61876627466273,3.9825124941959165
2002-08-10,51.88622165313682,33.03385971844515,17.442187594423107,4.837024326057309
2002-08-11,51.48439045739218,32.74903118004946,16.356469576954982,4.27691408666452
2002-08-12,51.23691360751131,32.51993566879049,16.442581477833162,4.098143313829446
2002-08-13,51.15244949416864,31.601485458435693,15.914947010960477,2.9134762811776422
2002-08-14,50.85861821116433,31.742174337732923,17.072310565586847,1.6183040306112138
2002-08-15,49.35050771774889,31.98810241339484,17.197007205407527,4.136950816691135
2002-08-16,47.83022787486819,33.11328668300384,16.362015847139375,3.600027541419352
2002-08-17,47.8236910113548,32.01655873515837,18.230076504991533,4.918917959974669
2002-08-18,49.85135338455259,33.076528397315336,18.621417758589853,5.546720610388512
2002-08-19,50.22049884421321,31.694798547357337,19.80225208565553,7.0838756284894
2002-08-20,50.54517174127399,32.40633851512676,20.48433980358562,5.424504669346049
2002-08-21,49.165494056352145,32.13511094918901,21.24222818911532,4.505702848446786
2002-08-22,48.49580664310736,31.999609304230454,22.233060901512687,6.174744668128232
2002-08-23,47.55645237449588,33.19051067185254,20.45827579690632,7.837471734667695
2002-08-24,48.13615609287986,31.644914861576844,20.81952674260738,8.474889109273557
2002-08-25,48.6932244284215,30.929972811196688,21.902048399509322,9.105021053690322
2002-08-26,48.33870984265446,31.402414705943215,19.757796933187855,7.200022088657725
2002-08-27,47.891636886689085,31.36492921346219,20.012797876471105,9.01039609110003
2002-08-28,47.83001238381938,31.59045038464281,22.411258295047624,7.978175797814334
2002-08-29,48.44366615001182,31.178094521372163,22.110635826464584,7.414204041204776
2002-08-30,49.830947406348464,30.74213591172652,21.510728198561164,8.666971628940411
2002-08-31,47.910530812734734,30.64001710719486,22.61330513973017,9.822362032276269
2002-09-01,46.479203650615474,30.740776319264373,22.089722269661078,9.63617542877618
2002-09-02,45.34196009380207,29.93405091763934,23.65000602072508,10.012083883407795
2002-09-03,45.53432292081976,29.122336238460875,23.729693778869155,10.76498567073649
2002-09-04,44.38866873323233,29.413145928206017,23.49104487968596,11.221761041135174
2002-09-05,44.10122512756902,29.72841002085178,24.23360256716213,11.125070115731322
2002-09-06,45.50818068425714,29.204243937690105,24.392039315560286,12.248523904554869
2002-09-07,45.39531972145467,29.13688844886093,23.25014778405683,13.256610147405265
2002-09-08,45.96053515048992,28.69639879780911,23.35026250032077,15.176487572018134
2002-09-09,44.63531430665779,28.85769915414701,22.988598517140122,15.056365309453303
2002-09-10,43.35156738959872,27.649420663501953,24.28307538062935,15.604551242032322
2002-09-11,43.00733524882211,27.77673553745733,25.620186622061734,15.04576519067722
2002-09-12,43.578319664592854,28.756244301129065,23.96620379187972,13.744586150203476
2002-09-13,41.04208795950931,28.551589990642483,23.72756134757541,14.089903682422465
2002-09-14,42.21339460205543,29.01056060174811,21.987050667970852,13.891518618025271
2002-09-15,42.63970719653134,30.629955403014563,19.506409707268148,15.201978916764494
2002-09-16,42.77868342523046,30.36544869368299,20.607391158247054,15.766147213740172
2002-09-17,43.56017951170845,29.924130994508587,19.62816363082061,16.408200349276395
2002-09-18,45.45519169826854,28.498727397038696,17.713613358404224,17.636617954730482
2002-09-19,44.5790916955992,27.63379331307583,17.14570784869746,17.235228184202754
2002-09-20,43.841205418401294,27.43268834985604,15.389254171710268,18.573491623870535
2002-09-21,44.09630381834976,27.148214455917216,14.604969938052925,18.348438428777985
2002-09-22,44.77442269084272,27.026853272149513,16.156470529657263,17.09120110306955
2002-09-23,44.116910206225704,25.230780479281023,17.11423109455474,18.495819038591073
2002-09-24,44.744229911267816,26.522693107581063,18.317140917362188,17.607696674043765
2002-09-25,42.95776530930905,26.222456508562058,18.09835721579867,17.671742076100266
2002-09-26,42.71805920683823,26.0271490880348,19.90629391166447,19.22969589182836
